Num samples,Rejection Rate MPPI,Rejection Rate GP,Rejection Rate BNN

100,81.62475049900199,92.30938123752495,78.58083832335329
250,207.72255489021956,233.24950099800398,199.97205588822357
500,431.8263473053892,481.0259481037924,419.0179640718563
750,620.7045908183633,723.8483033932135,685.9261477045908
1000,888.1996007984031,970.4471057884232,921.2355289421158
1250,854.4790419161677,1215.5289421157684,1153.0538922155688
1500,1029.4810379241517,1451.0538922155688,1385.942115768463