Num samples,Total Duration MPPI,Total Duration GP,Total Duration BNN
100,15.408718585968018,42.640310764312744,15.525538206100464
250,15.024462461471558,52.37379789352417,16.210517406463623
500,15.730427742004395,82.68430304527283,16.854599952697754
750,16.980583429336548,132.36676359176636,21.067282915115356
1000,17.885507822036743,196.71051859855652,23.71742057800293
1250,19.82863759994507,283.2530150413513,25.553646087646484
1500,24.133317232131958,396.7111039161682,31.092992544174194