Delta,Num collisions GP,Num collisions BNN


0.049999999999999996,0,0
0.09999999999999999,21,0
0.25,12,18
0.5,18,0
0.75,6,0
1.0,6,18