Delta,Total Duration GP,Total Duration BNN

0.05,74.30084753036499,14.952496767044067
0.1,68.96144509315491,15.642486572265625
0.25,68.49320149421692,14.73944091796875
0.5,69.59174156188965,15.695415496826172
0.75,68.83339762687683,16.30137348175049
1,70.40643668174744,15.317246437072754