Delta,Avg. Obstacle Dist GP,Avg. Obstacle Dist BNN
0.049999999999999996,0,0
0.09999999999999999,0,0
0.25,0,0
0.5,0,3
0.75,0,0
1.0,0,0